Protein hits,--------------------------------------------------------,,,,,,,
,,,,,,,,
prot_hit_num,prot_acc,prot_desc,prot_score,prot_mass,prot_matches,prot_matches_sig,prot_sequences,prot_sequences_sig
1,SMC3_HUMAN,Structural maintenance of chromosomes protein 3 OS=Homo sapiens GN=SMC3 PE=1 SV=2,1119,141853,49,43,30,29
,,,,,,,,
2,FTO_HUMAN,Protein fto OS=Homo sapiens GN=FTO PE=1 SV=3,1067,59043,80,74,19,19
,,,,,,,,
3,LPPRC_HUMAN,"Leucine-rich PPR motif-containing protein, mitochondrial OS=Homo sapiens GN=LRPPRC PE=1 SV=3",893,159003,42,41,31,30
,,,,,,,,
,,,,,,,,
,,,,,,,,
,,,,,,,,
,,,,,,,,
6,EIF3C_HUMAN,Eukaryotic translation initiation factor 3 subunit C OS=Homo sapiens GN=EIF3C PE=1 SV=1,830,105962,40,38,25,24
,,,,,,,,
7,KIF11_HUMAN,Kinesin-like protein KIF11 OS=Homo sapiens GN=KIF11 PE=1 SV=2,735,120111,40,37,29,27
,,,,,,,,
8,FAS_HUMAN,Fatty acid synthase OS=Homo sapiens GN=FASN PE=1 SV=3,726,275877,35,34,27,26
,,,,,,,,
9,MCM2_HUMAN,DNA replication licensing factor MCM2 OS=Homo sapiens GN=MCM2 PE=1 SV=4,718,102516,36,36,27,27
,,,,,,,,
,,,,,,,,
,,,,,,,,
11,SYVC_HUMAN,Valyl-tRNA synthetase OS=Homo sapiens GN=VARS PE=1 SV=4,529,141642,25,24,18,18
,,,,,,,,
,,,,,,,,
,,,,,,,,
13,FLNA_HUMAN,Filamin-A OS=Homo sapiens GN=FLNA PE=1 SV=4,471,283301,17,17,14,14
,,,,,,,,
14,EIF3A_HUMAN,Eukaryotic translation initiation factor 3 subunit A OS=Homo sapiens GN=EIF3A PE=1 SV=1,464,166867,37,35,30,29
,,,,,,,,
15,AT1A1_HUMAN,Sodium/potassium-transporting ATPase subunit alpha-1 OS=Homo sapiens GN=ATP1A1 PE=1 SV=1,455,114135,17,15,14,13
,,,,,,,,
16,BRE1B_HUMAN,E3 ubiquitin-protein ligase BRE1B OS=Homo sapiens GN=RNF40 PE=1 SV=3,420,114350,20,20,16,16
,,,,,,,,
17,COPA_HUMAN,Coatomer subunit alpha OS=Homo sapiens GN=COPA PE=1 SV=2,416,139797,21,21,16,16
,,,,,,,,
18,ACLY_HUMAN,ATP-citrate synthase OS=Homo sapiens GN=ACLY PE=1 SV=3,403,121674,19,18,14,13
,,,,,,,,
19,DDB1_HUMAN,DNA damage-binding protein 1 OS=Homo sapiens GN=DDB1 PE=1 SV=1,382,128142,15,15,13,13
,,,,,,,,
20,DHX9_HUMAN,ATP-dependent RNA helicase A OS=Homo sapiens GN=DHX9 PE=1 SV=4,380,142181,18,17,15,15
,,,,,,,,
21,SMC2_HUMAN,Structural maintenance of chromosomes protein 2 OS=Homo sapiens GN=SMC2 PE=1 SV=2,374,136085,19,18,16,15
,,,,,,,,
22,SF3B1_HUMAN,Splicing factor 3B subunit 1 OS=Homo sapiens GN=SF3B1 PE=1 SV=3,362,146479,18,17,14,14
,,,,,,,,
23,U5S1_HUMAN,116 kDa U5 small nuclear ribonucleoprotein component OS=Homo sapiens GN=EFTUD2 PE=1 SV=1,357,110336,18,18,13,13
,,,,,,,,
24,RPB2_HUMAN,DNA-directed RNA polymerase II subunit RPB2 OS=Homo sapiens GN=POLR2B PE=1 SV=1,356,135236,20,20,16,16
,,,,,,,,
,,,,,,,,
,,,,,,,,
26,KINH_HUMAN,Kinesin-1 heavy chain OS=Homo sapiens GN=KIF5B PE=1 SV=1,323,110358,8,8,7,7
,,,,,,,,
,,,,,,,,
,,,,,,,,
,,,,,,,,
,,,,,,,,
29,SF3B3_HUMAN,Splicing factor 3B subunit 3 OS=Homo sapiens GN=SF3B3 PE=1 SV=4,303,136575,15,15,12,12
,,,,,,,,
30,GTF2I_HUMAN,General transcription factor II-I OS=Homo sapiens GN=GTF2I PE=1 SV=2,292,112859,19,19,18,18
,,,,,,,,
31,LRRF1_HUMAN,Leucine-rich repeat flightless-interacting protein 1 OS=Homo sapiens GN=LRRFIP1 PE=1 SV=2,284,89826,6,6,5,5
,,,,,,,,
32,CYFP1_HUMAN,Cytoplasmic FMR1-interacting protein 1 OS=Homo sapiens GN=CYFIP1 PE=1 SV=1,265,146742,12,12,11,11
,,,,,,,,
,,,,,,,,
,,,,,,,,
34,RB3GP_HUMAN,Rab3 GTPase-activating protein catalytic subunit OS=Homo sapiens GN=RAB3GAP1 PE=1 SV=3,264,111594,10,10,9,9
,,,,,,,,
35,DPOD1_HUMAN,DNA polymerase delta catalytic subunit OS=Homo sapiens GN=POLD1 PE=1 SV=2,263,125035,21,21,14,14
,,,,,,,,
36,UBP7_HUMAN,Ubiquitin carboxyl-terminal hydrolase 7 OS=Homo sapiens GN=USP7 PE=1 SV=2,258,129304,17,17,16,16
,,,,,,,,
37,HS90B_HUMAN,Heat shock protein HSP 90-beta OS=Homo sapiens GN=HSP90AB1 PE=1 SV=4,252,83554,13,11,8,6
,,,,,,,,
38,CAND1_HUMAN,Cullin-associated NEDD8-dissociated protein 1 OS=Homo sapiens GN=CAND1 PE=1 SV=2,252,137999,19,17,17,15
,,,,,,,,
39,BRE1A_HUMAN,E3 ubiquitin-protein ligase BRE1A OS=Homo sapiens GN=RNF20 PE=1 SV=2,252,114220,8,8,6,6
,,,,,,,,
40,HYOU1_HUMAN,Hypoxia up-regulated protein 1 OS=Homo sapiens GN=HYOU1 PE=1 SV=1,251,111494,11,11,8,8
,,,,,,,,
41,HS90A_HUMAN,Heat shock protein HSP 90-alpha OS=Homo sapiens GN=HSP90AA1 PE=1 SV=5,250,85006,10,9,6,5
,,,,,,,,
42,NU160_HUMAN,Nuclear pore complex protein Nup160 OS=Homo sapiens GN=NUP160 PE=1 SV=3,232,164355,10,10,8,8
,,,,,,,,
43,MATR3_HUMAN,Matrin-3 OS=Homo sapiens GN=MATR3 PE=1 SV=2,225,95078,11,11,9,9
,,,,,,,,
44,SYIC_HUMAN,"Isoleucyl-tRNA synthetase, cytoplasmic OS=Homo sapiens GN=IARS PE=1 SV=2",220,145718,15,15,13,13
,,,,,,,,
45,RBM10_HUMAN,RNA-binding protein 10 OS=Homo sapiens GN=RBM10 PE=1 SV=3,217,103811,12,10,12,10
,,,,,,,,
46,ESYT1_HUMAN,Extended synaptotagmin-1 OS=Homo sapiens GN=ESYT1 PE=1 SV=1,210,123293,9,7,6,6
,,,,,,,,
47,NASP_HUMAN,Nuclear autoantigenic sperm protein OS=Homo sapiens GN=NASP PE=1 SV=2,210,85471,9,9,9,9
,,,,,,,,
48,TPR_HUMAN,Nucleoprotein TPR OS=Homo sapiens GN=TPR PE=1 SV=3,208,267530,10,10,8,8
,,,,,,,,
49,SP16H_HUMAN,FACT complex subunit SPT16 OS=Homo sapiens GN=SUPT16H PE=1 SV=1,207,120409,8,8,7,7
,,,,,,,,
50,CLH1_HUMAN,Clathrin heavy chain 1 OS=Homo sapiens GN=CLTC PE=1 SV=5,205,193260,9,9,7,7
,,,,,,,,
51,HORN_HUMAN,Hornerin OS=Homo sapiens GN=HRNR PE=1 SV=2,201,283140,5,5,4,4
,,,,,,,,
52,TAF4_HUMAN,Transcription initiation factor TFIID subunit 4 OS=Homo sapiens GN=TAF4 PE=1 SV=2,188,110332,4,4,3,3
,,,,,,,,
53,K1967_HUMAN,Protein KIAA1967 OS=Homo sapiens GN=KIAA1967 PE=1 SV=2,188,103465,11,11,9,9
,,,,,,,,
54,POP1_HUMAN,Ribonucleases P/MRP protein subunit POP1 OS=Homo sapiens GN=POP1 PE=1 SV=2,185,116346,6,6,4,4
,,,,,,,,
55,SYLC_HUMAN,"Leucyl-tRNA synthetase, cytoplasmic OS=Homo sapiens GN=LARS PE=1 SV=2",184,135577,13,12,8,7
,,,,,,,,
56,IPO7_HUMAN,Importin-7 OS=Homo sapiens GN=IPO7 PE=1 SV=1,176,120751,5,5,4,4
,,,,,,,,
57,VINC_HUMAN,Vinculin OS=Homo sapiens GN=VCL PE=1 SV=4,175,124292,9,9,8,8
,,,,,,,,
58,NFM_HUMAN,Neurofilament medium polypeptide OS=Homo sapiens GN=NEFM PE=1 SV=3,175,102468,7,7,6,6
,,,,,,,,
59,NU155_HUMAN,Nuclear pore complex protein Nup155 OS=Homo sapiens GN=NUP155 PE=1 SV=1,171,156697,8,8,7,7
,,,,,,,,
60,SYEP_HUMAN,Bifunctional aminoacyl-tRNA synthetase OS=Homo sapiens GN=EPRS PE=1 SV=5,169,172080,8,8,8,8
,,,,,,,,
61,AKAP1_HUMAN,"A kinase anchor protein 1, mitochondrial OS=Homo sapiens GN=AKAP1 PE=1 SV=1",168,98250,4,4,3,3
,,,,,,,,
62,JIP4_HUMAN,C-Jun-amino-terminal kinase-interacting protein 4 OS=Homo sapiens GN=SPAG9 PE=1 SV=4,164,146913,3,3,3,3
,,,,,,,,
63,DDX17_HUMAN,Probable ATP-dependent RNA helicase DDX17 OS=Homo sapiens GN=DDX17 PE=1 SV=1,164,72953,4,4,3,3
,,,,,,,,
64,PUR4_HUMAN,Phosphoribosylformylglycinamidine synthase OS=Homo sapiens GN=PFAS PE=1 SV=3,163,146286,11,11,9,9
,,,,,,,,
65,SPT5H_HUMAN,Transcription elongation factor SPT5 OS=Homo sapiens GN=SUPT5H PE=1 SV=1,163,121324,5,5,4,4
,,,,,,,,
66,KTN1_HUMAN,Kinectin OS=Homo sapiens GN=KTN1 PE=1 SV=1,161,156464,6,6,6,6
,,,,,,,,
67,RBGPR_HUMAN,Rab3 GTPase-activating protein non-catalytic subunit OS=Homo sapiens GN=RAB3GAP2 PE=1 SV=1,159,157482,6,6,5,5
,,,,,,,,
68,AT2A2_HUMAN,Sarcoplasmic/endoplasmic reticulum calcium ATPase 2 OS=Homo sapiens GN=ATP2A2 PE=1 SV=1,153,116336,10,10,7,7
,,,,,,,,
69,DCTN1_HUMAN,Dynactin subunit 1 OS=Homo sapiens GN=DCTN1 PE=1 SV=3,149,142348,9,8,8,7
,,,,,,,,
70,TPP2_HUMAN,Tripeptidyl-peptidase 2 OS=Homo sapiens GN=TPP2 PE=1 SV=4,146,139745,5,5,5,5
,,,,,,,,
71,JAK1_HUMAN,Tyrosine-protein kinase JAK1 OS=Homo sapiens GN=JAK1 PE=1 SV=2,145,135016,4,4,4,4
,,,,,,,,
72,ANFY1_HUMAN,Ankyrin repeat and FYVE domain-containing protein 1 OS=Homo sapiens GN=ANKFY1 PE=1 SV=2,145,129915,9,8,8,8
,,,,,,,,
73,SMC1A_HUMAN,Structural maintenance of chromosomes protein 1A OS=Homo sapiens GN=SMC1A PE=1 SV=2,144,143771,9,8,7,6
,,,,,,,,
74,CYFP2_HUMAN,Cytoplasmic FMR1-interacting protein 2 OS=Homo sapiens GN=CYFIP2 PE=1 SV=2,141,150298,9,8,8,7
,,,,,,,,
75,SF3B2_HUMAN,Splicing factor 3B subunit 2 OS=Homo sapiens GN=SF3B2 PE=1 SV=1,134,97710,6,6,6,6
,,,,,,,,
76,PDS5A_HUMAN,Sister chromatid cohesion protein PDS5 homolog A OS=Homo sapiens GN=PDS5A PE=1 SV=1,130,152274,5,5,4,4
,,,,,,,,
77,ELP1_HUMAN,Elongator complex protein 1 OS=Homo sapiens GN=IKBKAP PE=1 SV=3,128,151813,6,6,6,6
,,,,,,,,
78,SC31A_HUMAN,Protein transport protein Sec31A OS=Homo sapiens GN=SEC31A PE=1 SV=3,127,133900,8,8,6,6
,,,,,,,,
79,SART3_HUMAN,Squamous cell carcinoma antigen recognized by T-cells 3 OS=Homo sapiens GN=SART3 PE=1 SV=1,127,110721,5,5,5,5
,,,,,,,,
80,NU133_HUMAN,Nuclear pore complex protein Nup133 OS=Homo sapiens GN=NUP133 PE=1 SV=2,126,129924,7,6,6,5
,,,,,,,,
81,AN32A_HUMAN,Acidic leucine-rich nuclear phosphoprotein 32 family member A OS=Homo sapiens GN=ANP32A PE=1 SV=1,126,28682,9,9,4,4
,,,,,,,,
82,KIF4A_HUMAN,Chromosome-associated kinesin KIF4A OS=Homo sapiens GN=KIF4A PE=1 SV=3,125,141390,6,6,5,5
,,,,,,,,
83,AP3B1_HUMAN,AP-3 complex subunit beta-1 OS=Homo sapiens GN=AP3B1 PE=1 SV=3,125,121815,5,5,4,4
,,,,,,,,
84,CAND2_HUMAN,Cullin-associated NEDD8-dissociated protein 2 OS=Homo sapiens GN=CAND2 PE=1 SV=3,124,136653,5,4,5,4
,,,,,,,,
85,FPRP_HUMAN,Prostaglandin F2 receptor negative regulator OS=Homo sapiens GN=PTGFRN PE=1 SV=2,123,99464,4,4,4,4
,,,,,,,,
86,FLNB_HUMAN,Filamin-B OS=Homo sapiens GN=FLNB PE=1 SV=1,122,280188,7,7,7,7
,,,,,,,,
87,TBCD_HUMAN,Tubulin-specific chaperone D OS=Homo sapiens GN=TBCD PE=1 SV=1,122,134211,5,5,5,5
,,,,,,,,
88,SIN3A_HUMAN,Paired amphipathic helix protein Sin3a OS=Homo sapiens GN=SIN3A PE=1 SV=2,121,145883,6,6,6,6
,,,,,,,,
89,ITB1_HUMAN,Integrin beta-1 OS=Homo sapiens GN=ITGB1 PE=1 SV=2,118,91664,6,6,4,4
,,,,,,,,
90,IPO8_HUMAN,Importin-8 OS=Homo sapiens GN=IPO8 PE=1 SV=2,116,120945,2,2,2,2
,,,,,,,,
91,UBA1_HUMAN,Ubiquitin-like modifier-activating enzyme 1 OS=Homo sapiens GN=UBA1 PE=1 SV=3,115,118858,4,4,4,4
,,,,,,,,
92,STAG2_HUMAN,Cohesin subunit SA-2 OS=Homo sapiens GN=STAG2 PE=1 SV=3,114,142433,3,3,3,3
,,,,,,,,
93,RBP2_HUMAN,E3 SUMO-protein ligase RanBP2 OS=Homo sapiens GN=RANBP2 PE=1 SV=2,114,362365,4,4,3,3
,,,,,,,,
94,GSLG1_HUMAN,Golgi apparatus protein 1 OS=Homo sapiens GN=GLG1 PE=1 SV=2,112,138341,3,3,3,3
,,,,,,,,
95,TRI33_HUMAN,E3 ubiquitin-protein ligase TRIM33 OS=Homo sapiens GN=TRIM33 PE=1 SV=2,112,124610,4,4,3,3
,,,,,,,,
96,AMOT_HUMAN,Angiomotin OS=Homo sapiens GN=AMOT PE=1 SV=1,111,118469,3,3,3,3
,,,,,,,,
97,FNBP4_HUMAN,Formin-binding protein 4 OS=Homo sapiens GN=FNBP4 PE=1 SV=2,110,110637,2,2,1,1
,,,,,,,,
98,SMC6_HUMAN,Structural maintenance of chromosomes protein 6 OS=Homo sapiens GN=SMC6 PE=1 SV=2,110,127216,5,5,5,5
,,,,,,,,
99,METH_HUMAN,Methionine synthase OS=Homo sapiens GN=MTR PE=1 SV=2,108,141749,5,4,4,4
,,,,,,,,
100,HNRPU_HUMAN,Heterogeneous nuclear ribonucleoprotein U OS=Homo sapiens GN=HNRNPU PE=1 SV=6,107,91269,8,8,7,7
,,,,,,,,
101,NRDC_HUMAN,Nardilysin OS=Homo sapiens GN=NRD1 PE=1 SV=2,106,132515,3,3,2,2
,,,,,,,,
102,SMCA5_HUMAN,SWI/SNF-related matrix-associated actin-dependent regulator of chromatin subfamily A member 5 OS=Homo sapiens GN=SMARCA5 PE=1 SV=1,106,122513,6,6,5,5
,,,,,,,,
103,EF2_HUMAN,Elongation factor 2 OS=Homo sapiens GN=EEF2 PE=1 SV=4,103,96246,4,4,4,4
,,,,,,,,
104,NOMO1_HUMAN,Nodal modulator 1 OS=Homo sapiens GN=NOMO1 PE=1 SV=4,103,135237,7,7,4,4
,,,,,,,,
105,IPO4_HUMAN,Importin-4 OS=Homo sapiens GN=IPO4 PE=1 SV=2,102,120179,6,5,6,5
,,,,,,,,
106,XPO5_HUMAN,Exportin-5 OS=Homo sapiens GN=XPO5 PE=1 SV=1,101,138332,6,6,6,6
,,,,,,,,
107,S23IP_HUMAN,SEC23-interacting protein OS=Homo sapiens GN=SEC23IP PE=1 SV=1,98,111691,3,3,3,3
,,,,,,,,
108,WDR17_HUMAN,WD repeat-containing protein 17 OS=Homo sapiens GN=WDR17 PE=2 SV=2,94,150117,2,2,2,2
,,,,,,,,
109,CCAR1_HUMAN,Cell division cycle and apoptosis regulator protein 1 OS=Homo sapiens GN=CCAR1 PE=1 SV=2,93,133423,7,7,6,6
,,,,,,,,
110,ZN828_HUMAN,Zinc finger protein 828 OS=Homo sapiens GN=ZNF828 PE=1 SV=2,93,90012,4,4,4,4
,,,,,,,,
111,ACTB_HUMAN,"Actin, cytoplasmic 1 OS=Homo sapiens GN=ACTB PE=1 SV=1",93,42052,3,3,3,3
,,,,,,,,
112,IPO9_HUMAN,Importin-9 OS=Homo sapiens GN=IPO9 PE=1 SV=3,92,116858,7,6,4,4
,,,,,,,,
113,FLII_HUMAN,Protein flightless-1 homolog OS=Homo sapiens GN=FLII PE=1 SV=2,92,146142,3,3,3,3
,,,,,,,,
114,TERA_HUMAN,Transitional endoplasmic reticulum ATPase OS=Homo sapiens GN=VCP PE=1 SV=4,91,89950,5,5,4,4
,,,,,,,,
115,VIGLN_HUMAN,Vigilin OS=Homo sapiens GN=HDLBP PE=1 SV=2,86,141995,5,4,4,4
,,,,,,,,
116,NUMA1_HUMAN,Nuclear mitotic apparatus protein 1 OS=Homo sapiens GN=NUMA1 PE=1 SV=2,84,239199,2,2,2,2
,,,,,,,,
117,SRRT_HUMAN,Serrate RNA effector molecule homolog OS=Homo sapiens GN=SRRT PE=1 SV=1,83,101060,5,4,4,4
,,,,,,,,
118,HCFC1_HUMAN,Host cell factor 1 OS=Homo sapiens GN=HCFC1 PE=1 SV=2,82,210598,5,4,5,4
,,,,,,,,
119,MYPT1_HUMAN,Protein phosphatase 1 regulatory subunit 12A OS=Homo sapiens GN=PPP1R12A PE=1 SV=1,82,115610,4,3,4,3
,,,,,,,,
,,,,,,,,
,,,,,,,,
121,U520_HUMAN,U5 small nuclear ribonucleoprotein 200 kDa helicase OS=Homo sapiens GN=SNRNP200 PE=1 SV=2,80,246006,3,3,3,3
,,,,,,,,
122,NICA_HUMAN,Nicastrin OS=Homo sapiens GN=NCSTN PE=1 SV=2,80,79103,3,3,2,2
,,,,,,,,
123,DHX30_HUMAN,Putative ATP-dependent RNA helicase DHX30 OS=Homo sapiens GN=DHX30 PE=1 SV=1,80,134938,4,4,4,4
,,,,,,,,
124,UBP2L_HUMAN,Ubiquitin-associated protein 2-like OS=Homo sapiens GN=UBAP2L PE=1 SV=2,79,114579,3,3,2,2
,,,,,,,,
125,NCOAT_HUMAN,Bifunctional protein NCOAT OS=Homo sapiens GN=MGEA5 PE=1 SV=2,79,103932,5,5,5,5
,,,,,,,,
126,BRD8_HUMAN,Bromodomain-containing protein 8 OS=Homo sapiens GN=BRD8 PE=1 SV=1,79,136077,2,2,1,1
,,,,,,,,
127,PRKDC_HUMAN,DNA-dependent protein kinase catalytic subunit OS=Homo sapiens GN=PRKDC PE=1 SV=3,79,473749,5,5,4,4
,,,,,,,,
128,RRBP1_HUMAN,Ribosome-binding protein 1 OS=Homo sapiens GN=RRBP1 PE=1 SV=4,78,152780,4,3,4,3
,,,,,,,,
129,RIF1_HUMAN,Telomere-associated protein RIF1 OS=Homo sapiens GN=RIF1 PE=1 SV=2,78,276461,2,2,2,2
,,,,,,,,
130,SF3A1_HUMAN,Splicing factor 3A subunit 1 OS=Homo sapiens GN=SF3A1 PE=1 SV=1,77,88888,4,4,4,4
,,,,,,,,
,,,,,,,,
,,,,,,,,
132,RAD21_HUMAN,Double-strand-break repair protein rad21 homolog OS=Homo sapiens GN=RAD21 PE=1 SV=2,77,71930,3,2,3,2
,,,,,,,,
133,GDE_HUMAN,Glycogen debranching enzyme OS=Homo sapiens GN=AGL PE=1 SV=3,77,176819,4,4,4,4
,,,,,,,,
134,HNRPF_HUMAN,Heterogeneous nuclear ribonucleoprotein F OS=Homo sapiens GN=HNRNPF PE=1 SV=3,76,45985,3,3,2,2
,,,,,,,,
,,,,,,,,
,,,,,,,,
136,PERQ2_HUMAN,PERQ amino acid-rich with GYF domain-containing protein 2 OS=Homo sapiens GN=GIGYF2 PE=1 SV=1,74,150320,4,4,2,2
,,,,,,,,
137,CHERP_HUMAN,Calcium homeostasis endoplasmic reticulum protein OS=Homo sapiens GN=CHERP PE=1 SV=2,74,104078,2,2,1,1
,,,,,,,,
138,CAMP3_HUMAN,Calmodulin-regulated spectrin-associated protein 3 OS=Homo sapiens GN=KIAA1543 PE=1 SV=2,72,135464,4,4,3,3
,,,,,,,,
139,SYMPK_HUMAN,Symplekin OS=Homo sapiens GN=SYMPK PE=1 SV=2,71,141915,4,4,4,4
,,,,,,,,
140,DNLI1_HUMAN,DNA ligase 1 OS=Homo sapiens GN=LIG1 PE=1 SV=1,71,102301,3,3,2,2
,,,,,,,,
141,SMRC1_HUMAN,SWI/SNF complex subunit SMARCC1 OS=Homo sapiens GN=SMARCC1 PE=1 SV=3,70,123303,5,5,4,4
,,,,,,,,
,,,,,,,,
,,,,,,,,
143,YLPM1_HUMAN,YLP motif-containing protein 1 OS=Homo sapiens GN=YLPM1 PE=1 SV=3,70,220077,4,4,3,3
,,,,,,,,
144,WDHD1_HUMAN,WD repeat and HMG-box DNA-binding protein 1 OS=Homo sapiens GN=WDHD1 PE=1 SV=1,70,127371,4,4,4,4
,,,,,,,,
145,IRS4_HUMAN,Insulin receptor substrate 4 OS=Homo sapiens GN=IRS4 PE=1 SV=1,69,134711,3,2,3,2
,,,,,,,,
146,FANCI_HUMAN,Fanconi anemia group I protein OS=Homo sapiens GN=FANCI PE=1 SV=4,69,150769,8,7,8,7
,,,,,,,,
147,41_HUMAN,Protein 4.1 OS=Homo sapiens GN=EPB41 PE=1 SV=4,67,97528,2,2,2,2
,,,,,,,,
148,SKIV2_HUMAN,Helicase SKI2W OS=Homo sapiens GN=SKIV2L PE=1 SV=2,67,138681,2,2,2,2
,,,,,,,,
149,AFAD_HUMAN,Afadin OS=Homo sapiens GN=MLLT4 PE=1 SV=3,67,207702,2,2,2,2
,,,,,,,,
150,LAMP1_HUMAN,Lysosome-associated membrane glycoprotein 1 OS=Homo sapiens GN=LAMP1 PE=1 SV=3,66,45367,2,2,2,2
,,,,,,,,
,,,,,,,,
,,,,,,,,
152,MED23_HUMAN,Mediator of RNA polymerase II transcription subunit 23 OS=Homo sapiens GN=MED23 PE=1 SV=2,65,158254,3,3,2,2
,,,,,,,,
153,UBIQ_HUMAN,Ubiquitin OS=Homo sapiens GN=RPS27A PE=1 SV=1,64,8560,3,2,1,1
,,,,,,,,
154,HDAC6_HUMAN,Histone deacetylase 6 OS=Homo sapiens GN=HDAC6 PE=1 SV=2,64,132932,2,2,2,2
,,,,,,,,
,,,,,,,,
,,,,,,,,
156,SMC5_HUMAN,Structural maintenance of chromosomes protein 5 OS=Homo sapiens GN=SMC5 PE=1 SV=2,64,129980,3,2,3,2
,,,,,,,,
157,GRP75_HUMAN,"Stress-70 protein, mitochondrial OS=Homo sapiens GN=HSPA9 PE=1 SV=2",64,73920,3,2,2,1
,,,,,,,,
158,DDX5_HUMAN,Probable ATP-dependent RNA helicase DDX5 OS=Homo sapiens GN=DDX5 PE=1 SV=1,63,69618,3,3,3,3
,,,,,,,,
159,IF4G1_HUMAN,Eukaryotic translation initiation factor 4 gamma 1 OS=Homo sapiens GN=EIF4G1 PE=1 SV=3,63,176168,5,5,5,5
,,,,,,,,
160,RB6I2_HUMAN,ELKS/RAB6-interacting/CAST family member 1 OS=Homo sapiens GN=ERC1 PE=1 SV=1,63,128236,5,5,3,3
,,,,,,,,
,,,,,,,,
,,,,,,,,
162,PTPRF_HUMAN,Receptor-type tyrosine-protein phosphatase F OS=Homo sapiens GN=PTPRF PE=1 SV=2,62,213942,4,4,4,4
,,,,,,,,
163,HSP7C_HUMAN,Heat shock cognate 71 kDa protein OS=Homo sapiens GN=HSPA8 PE=1 SV=1,62,71082,3,3,3,3
,,,,,,,,
,,,,,,,,
,,,,,,,,
165,L2GL1_HUMAN,Lethal(2) giant larvae protein homolog 1 OS=Homo sapiens GN=LLGL1 PE=1 SV=3,60,116657,2,2,2,2
,,,,,,,,
166,BRWD2_HUMAN,Bromodomain and WD repeat-containing protein 2 OS=Homo sapiens GN=BRWD2 PE=1 SV=1,60,138423,4,4,4,4
,,,,,,,,
167,STRUM_HUMAN,WASH complex subunit strumpellin OS=Homo sapiens GN=KIAA0196 PE=1 SV=1,60,135113,2,2,1,1
,,,,,,,,
168,GCN1L_HUMAN,Translational activator GCN1 OS=Homo sapiens GN=GCN1L1 PE=1 SV=5,60,294953,2,2,2,2
,,,,,,,,
,,,,,,,,
,,,,,,,,
170,RENT1_HUMAN,Regulator of nonsense transcripts 1 OS=Homo sapiens GN=UPF1 PE=1 SV=2,59,125578,3,3,3,3
,,,,,,,,
171,EMAL4_HUMAN,Echinoderm microtubule-associated protein-like 4 OS=Homo sapiens GN=EML4 PE=1 SV=2,59,109919,2,2,2,2
,,,,,,,,
,,,,,,,,
,,,,,,,,
,,,,,,,,
,,,,,,,,
,,,,,,,,
,,,,,,,,
175,TSC2_HUMAN,Tuberin OS=Homo sapiens GN=TSC2 PE=1 SV=2,57,202591,3,3,1,1
,,,,,,,,
,,,,,,,,
,,,,,,,,
177,EPHB1_HUMAN,Ephrin type-B receptor 1 OS=Homo sapiens GN=EPHB1 PE=1 SV=1,57,111297,2,2,2,2
,,,,,,,,
178,TIM_HUMAN,Protein timeless homolog OS=Homo sapiens GN=TIMELESS PE=1 SV=1,57,139570,2,2,2,2
,,,,,,,,
179,NEK9_HUMAN,Serine/threonine-protein kinase Nek9 OS=Homo sapiens GN=NEK9 PE=1 SV=2,57,108868,2,2,2,2
,,,,,,,,
180,PARP1_HUMAN,Poly [ADP-ribose] polymerase 1 OS=Homo sapiens GN=PARP1 PE=1 SV=4,56,113811,3,3,2,2
,,,,,,,,
181,WAHS7_HUMAN,WASH complex subunit 7 OS=Homo sapiens GN=KIAA1033 PE=1 SV=1,56,137357,2,2,1,1
,,,,,,,,
182,PUM1_HUMAN,Pumilio homolog 1 OS=Homo sapiens GN=PUM1 PE=1 SV=3,56,127079,3,3,3,3
,,,,,,,,
,,,,,,,,
,,,,,,,,
184,BA2L2_HUMAN,Protein BAT2-like 2 OS=Homo sapiens GN=BAT2L2 PE=1 SV=2,56,317473,3,3,3,3
,,,,,,,,
,,,,,,,,
,,,,,,,,
186,CADH2_HUMAN,Cadherin-2 OS=Homo sapiens GN=CDH2 PE=1 SV=4,55,100203,4,3,2,2
,,,,,,,,
187,HUWE1_HUMAN,E3 ubiquitin-protein ligase HUWE1 OS=Homo sapiens GN=HUWE1 PE=1 SV=3,55,485523,4,4,4,4
,,,,,,,,
188,RPTOR_HUMAN,Regulatory-associated protein of mTOR OS=Homo sapiens GN=RPTOR PE=1 SV=1,55,150653,2,2,2,2
,,,,,,,,
,,,,,,,,
,,,,,,,,
,,,,,,,,
,,,,,,,,
191,ALBU_HUMAN,Serum albumin OS=Homo sapiens GN=ALB PE=1 SV=2,54,71317,2,2,2,2
,,,,,,,,
192,PLCG1_HUMAN,"1-phosphatidylinositol-4,5-bisphosphate phosphodiesterase gamma-1 OS=Homo sapiens GN=PLCG1 PE=1 SV=1",54,149749,2,2,2,2
,,,,,,,,
193,1433E_HUMAN,14-3-3 protein epsilon OS=Homo sapiens GN=YWHAE PE=1 SV=1,53,29326,2,2,2,2
,,,,,,,,
194,KPYM_HUMAN,Pyruvate kinase isozymes M1/M2 OS=Homo sapiens GN=PKM2 PE=1 SV=4,52,58470,2,2,2,2
,,,,,,,,
195,SMC4_HUMAN,Structural maintenance of chromosomes protein 4 OS=Homo sapiens GN=SMC4 PE=1 SV=2,52,147775,2,2,2,2
,,,,,,,,
,,,,,,,,
,,,,,,,,
197,HS71L_HUMAN,Heat shock 70 kDa protein 1-like OS=Homo sapiens GN=HSPA1L PE=1 SV=2,52,70730,2,2,2,2
,,,,,,,,
,,,,,,,,
,,,,,,,,
,,,,,,,,
,,,,,,,,
200,UBP15_HUMAN,Ubiquitin carboxyl-terminal hydrolase 15 OS=Homo sapiens GN=USP15 PE=1 SV=3,51,113602,3,3,2,2
,,,,,,,,
201,AIP_HUMAN,AH receptor-interacting protein OS=Homo sapiens GN=AIP PE=1 SV=2,51,38068,3,3,2,2
,,,,,,,,
202,DDX42_HUMAN,ATP-dependent RNA helicase DDX42 OS=Homo sapiens GN=DDX42 PE=1 SV=1,51,103197,3,3,3,3
,,,,,,,,
,,,,,,,,
,,,,,,,,
,,,,,,,,
,,,,,,,,
205,RBM6_HUMAN,RNA-binding protein 6 OS=Homo sapiens GN=RBM6 PE=1 SV=5,50,129192,3,2,3,2
,,,,,,,,
206,TBA1A_HUMAN,Tubulin alpha-1A chain OS=Homo sapiens GN=TUBA1A PE=1 SV=1,50,50788,2,2,1,1
,,,,,,,,
,,,,,,,,
,,,,,,,,
,,,,,,,,
,,,,,,,,
209,NOLC1_HUMAN,Nucleolar and coiled-body phosphoprotein 1 OS=Homo sapiens GN=NOLC1 PE=1 SV=2,48,73560,4,3,2,2
,,,,,,,,
210,ANM5_HUMAN,Protein arginine N-methyltransferase 5 OS=Homo sapiens GN=PRMT5 PE=1 SV=4,48,73322,2,2,1,1
,,,,,,,,
211,SPTA2_HUMAN,"Spectrin alpha chain, brain OS=Homo sapiens GN=SPTAN1 PE=1 SV=3",47,285163,2,2,2,2
,,,,,,,,
212,MAP4_HUMAN,Microtubule-associated protein 4 OS=Homo sapiens GN=MAP4 PE=1 SV=3,47,121443,5,5,4,4
,,,,,,,,
213,DHX16_HUMAN,Putative pre-mRNA-splicing factor ATP-dependent RNA helicase DHX16 OS=Homo sapiens GN=DHX16 PE=1 SV=2,47,119874,2,2,2,2
,,,,,,,,
,,,,,,,,
,,,,,,,,
,,,,,,,,
,,,,,,,,
216,LRBA_HUMAN,Lipopolysaccharide-responsive and beige-like anchor protein OS=Homo sapiens GN=LRBA PE=1 SV=4,46,321586,2,2,2,2
,,,,,,,,
217,MK01_HUMAN,Mitogen-activated protein kinase 1 OS=Homo sapiens GN=MAPK1 PE=1 SV=3,46,41762,2,2,2,2
,,,,,,,,
218,AT131_HUMAN,Probable cation-transporting ATPase 13A1 OS=Homo sapiens GN=ATP13A1 PE=1 SV=2,46,134523,2,2,2,2
,,,,,,,,
,,,,,,,,
,,,,,,,,
220,DYHC1_HUMAN,Cytoplasmic dynein 1 heavy chain 1 OS=Homo sapiens GN=DYNC1H1 PE=1 SV=5,45,534809,2,2,2,2
,,,,,,,,
221,SR140_HUMAN,U2-associated protein SR140 OS=Homo sapiens GN=SR140 PE=1 SV=2,45,118675,2,2,2,2
,,,,,,,,
,,,,,,,,
,,,,,,,,
,,,,,,,,
,,,,,,,,
,,,,,,,,
,,,,,,,,
,,,,,,,,
,,,,,,,,
,,,,,,,,
,,,,,,,,
227,TTC4_HUMAN,Tetratricopeptide repeat protein 4 OS=Homo sapiens GN=TTC4 PE=1 SV=3,44,45164,2,2,2,2
,,,,,,,,
,,,,,,,,
,,,,,,,,
229,HNRH1_HUMAN,Heterogeneous nuclear ribonucleoprotein H OS=Homo sapiens GN=HNRNPH1 PE=1 SV=4,44,49484,3,3,2,2
,,,,,,,,
230,PI3R4_HUMAN,Phosphoinositide 3-kinase regulatory subunit 4 OS=Homo sapiens GN=PIK3R4 PE=1 SV=3,43,154318,2,2,2,2
,,,,,,,,
,,,,,,,,
,,,,,,,,
,,,,,,,,
,,,,,,,,
233,RPC2_HUMAN,DNA-directed RNA polymerase III subunit RPC2 OS=Homo sapiens GN=POLR3B PE=1 SV=2,43,129242,3,3,2,2
,,,,,,,,
234,NUCL_HUMAN,Nucleolin OS=Homo sapiens GN=NCL PE=1 SV=3,43,76625,2,2,2,2
,,,,,,,,
,,,,,,,,
,,,,,,,,
236,MCM3_HUMAN,DNA replication licensing factor MCM3 OS=Homo sapiens GN=MCM3 PE=1 SV=3,43,91551,2,2,1,1
,,,,,,,,
237,ITA6_HUMAN,Integrin alpha-6 OS=Homo sapiens GN=ITGA6 PE=1 SV=4,43,127751,2,2,2,2
,,,,,,,,
,,,,,,,,
,,,,,,,,
,,,,,,,,
,,,,,,,,
,,,,,,,,
,,,,,,,,
241,CO1A1_HUMAN,Collagen alpha-1(I) chain OS=Homo sapiens GN=COL1A1 PE=1 SV=4,42,139853,2,2,2,2
,,,,,,,,
242,TACC3_HUMAN,Transforming acidic coiled-coil-containing protein 3 OS=Homo sapiens GN=TACC3 PE=1 SV=1,41,91159,2,2,2,2
,,,,,,,,
243,SMCA1_HUMAN,Probable global transcription activator SNF2L1 OS=Homo sapiens GN=SMARCA1 PE=1 SV=2,41,123211,3,3,3,3
,,,,,,,,
,,,,,,,,
,,,,,,,,
245,SMRCD_HUMAN,SWI/SNF-related matrix-associated actin-dependent regulator of chromatin subfamily A containing DEAD/H box 1 OS=Homo sapiens GN=SMARCAD1 PE=1 SV=1,41,118098,2,2,2,2
,,,,,,,,
246,HTSF1_HUMAN,HIV Tat-specific factor 1 OS=Homo sapiens GN=HTATSF1 PE=1 SV=1,40,86371,6,5,5,4
,,,,,,,,
247,4F2_HUMAN,4F2 cell-surface antigen heavy chain OS=Homo sapiens GN=SLC3A2 PE=1 SV=3,40,68180,2,2,2,2
,,,,,,,,
,,,,,,,,
,,,,,,,,
,,,,,,,,
,,,,,,,,
250,IPO5_HUMAN,Importin-5 OS=Homo sapiens GN=IPO5 PE=1 SV=4,39,125032,2,2,2,2
,,,,,,,,
251,HEAT6_HUMAN,HEAT repeat-containing protein 6 OS=Homo sapiens GN=HEATR6 PE=1 SV=1,39,130410,2,2,2,2
,,,,,,,,
,,,,,,,,
,,,,,,,,
,,,,,,,,
,,,,,,,,
,,,,,,,,
,,,,,,,,
,,,,,,,,
,,,,,,,,
,,,,,,,,
,,,,,,,,
,,,,,,,,
,,,,,,,,
,,,,,,,,
,,,,,,,,
,,,,,,,,
,,,,,,,,
,,,,,,,,
,,,,,,,,
261,SPTB2_HUMAN,"Spectrin beta chain, brain 1 OS=Homo sapiens GN=SPTBN1 PE=1 SV=2",38,275237,2,2,2,2
,,,,,,,,
262,HECD1_HUMAN,E3 ubiquitin-protein ligase HECTD1 OS=Homo sapiens GN=HECTD1 PE=1 SV=2,37,292379,2,2,2,2
,,,,,,,,
,,,,,,,,
,,,,,,,,
264,ZBT10_HUMAN,Zinc finger and BTB domain-containing protein 10 OS=Homo sapiens GN=ZBTB10 PE=1 SV=1,37,93470,2,2,2,2
,,,,,,,,
,,,,,,,,
,,,,,,,,
,,,,,,,,
,,,,,,,,
267,ITA2_HUMAN,Integrin alpha-2 OS=Homo sapiens GN=ITGA2 PE=1 SV=1,36,130468,2,2,1,1
,,,,,,,,
,,,,,,,,
,,,,,,,,
,,,,,,,,
,,,,,,,,
,,,,,,,,
,,,,,,,,
,,,,,,,,
,,,,,,,,
,,,,,,,,
,,,,,,,,
273,FOXO4_HUMAN,Forkhead box protein O4 OS=Homo sapiens GN=FOXO4 PE=1 SV=5,35,53936,5,5,1,1
,,,,,,,,
274,FND3A_HUMAN,Fibronectin type-III domain-containing protein 3A OS=Homo sapiens GN=FNDC3A PE=1 SV=4,35,133763,3,2,2,2
,,,,,,,,
,,,,,,,,
,,,,,,,,
,,,,,,,,
,,,,,,,,
,,,,,,,,
,,,,,,,,
,,,,,,,,
,,,,,,,,
,,,,,,,,
,,,,,,,,
,,,,,,,,
,,,,,,,,
,,,,,,,,
,,,,,,,,
282,BAT3_HUMAN,Large proline-rich protein BAT3 OS=Homo sapiens GN=BAT3 PE=1 SV=2,33,119790,2,2,2,2
,,,,,,,,
,,,,,,,,
,,,,,,,,
,,,,,,,,
,,,,,,,,
,,,,,,,,
,,,,,,,,
,,,,,,,,
,,,,,,,,
,,,,,,,,
,,,,,,,,
,,,,,,,,
,,,,,,,,
289,UBP48_HUMAN,Ubiquitin carboxyl-terminal hydrolase 48 OS=Homo sapiens GN=USP48 PE=1 SV=1,31,121066,2,2,2,2
,,,,,,,,
,,,,,,,,
,,,,,,,,
,,,,,,,,
,,,,,,,,
,,,,,,,,
,,,,,,,,
,,,,,,,,
,,,,,,,,
,,,,,,,,
,,,,,,,,
,,,,,,,,
,,,,,,,,
296,RPA2_HUMAN,DNA-directed RNA polymerase I subunit RPA2 OS=Homo sapiens GN=POLR1B PE=1 SV=2,29,129799,2,2,2,2
,,,,,,,,
,,,,,,,,
,,,,,,,,
,,,,,,,,
,,,,,,,,
299,ATX2L_HUMAN,Ataxin-2-like protein OS=Homo sapiens GN=ATXN2L PE=1 SV=2,29,113589,3,3,3,3
,,,,,,,,
,,,,,,,,
,,,,,,,,
,,,,,,,,
,,,,,,,,
,,,,,,,,
,,,,,,,,
,,,,,,,,
,,,,,,,,
,,,,,,,,
,,,,,,,,
,,,,,,,,
,,,,,,,,
,,,,,,,,
,,,,,,,,
,,,,,,,,
,,,,,,,,
,,,,,,,,
,,,,,,,,
,,,,,,,,
,,,,,,,,
,,,,,,,,
,,,,,,,,
,,,,,,,,
,,,,,,,,
,,,,,,,,
,,,,,,,,
,,,,,,,,
,,,,,,,,
,,,,,,,,
,,,,,,,,
,,,,,,,,
,,,,,,,,
,,,,,,,,
,,,,,,,,
,,,,,,,,
,,,,,,,,
,,,,,,,,
,,,,,,,,
319,GCC1_HUMAN,GRIP and coiled-coil domain-containing protein 1 OS=Homo sapiens GN=GCC1 PE=1 SV=1,27,87985,2,2,2,2
,,,,,,,,
,,,,,,,,
,,,,,,,,
321,ITA3_HUMAN,Integrin alpha-3 OS=Homo sapiens GN=ITGA3 PE=1 SV=4,27,119878,2,2,1,1
